REPLY_COUNT,AUTHOR,TEXT,LIKE_COUNT,PUBLISHED_AT,VIDEO_ID
0,@antuy.13,há»£p Ã¢m1 thiÃªn hÃ nhÆ° vÃ´i dm gm c dm x22 tiáº¿c lÃ lÃºc Ä‘áº§u dm gm c fa7kiáº¿p nÃ yháº£i Ä‘Æ°á»ng dm gm ca7dmÄ‘k vÃ¬ lÃ²ngtrong Ä‘Ã¢y dm am bbfa7váº­y mÃ tÃ¬nh ta dm am bba7dmdrop dm am gm a7 x2fb httpswwwfacebookcomprofilephpid100005968653032page httpswwwfacebookcomtagmusic611677158984948,0,2020-09-23T02:18:55Z,6pPxy713RhI
0,@hoangong1567,nghe sÆ°á»›ng tai chÆ¡i Ä‘Ã n hay,0,2020-10-30T16:00:03Z,6pPxy713RhI
0,@COWVYOFFICIAL,hay quÃ¡ anh Æ¡i cho em xin cÃ´ng thá»©c Ä‘iá»‡u quáº¡t nÃ y vá»›i hay quÃ¡,0,2020-09-24T13:16:24Z,6pPxy713RhI
1,@hoangphong6856,cho minh xin cach quat di ban,0,2021-02-14T16:49:54Z,6pPxy713RhI
0,@TruongNguyen-oj9dc,NÃ³ lÃ  ballad bth thÃ´i báº¡n Ã¡p dÃ¹ng mutting lÃ  nÃ³ thÃ nh tháº¿ Ä‘áº¥y,0,2021-05-14T15:15:10Z,6pPxy713RhI
5,@uyenbaonguyen3845,k biáº¿t má»i ngÆ°á»i nghe sao chá»© riÃªng tÃ´i nghe tháº¥y nhá»‹p phÃ¡ch sai tÃ¹m lum háº¿t báº¡n nÃ y quáº¡t bÃ i nÃ y cho tÃ´i hÃ¡t thÃ¬ nÃ³i tháº­t tÃ´i k biáº¿t hÃ¡t sao luÃ´n,0,2021-05-03T11:36:35Z,6pPxy713RhI
0,@antuy.13,"Cáº£m Æ¡n anh, em cÃ²n khÃ´ng hÃ¡t Ä‘Æ°á»£c ná»¯a :))",0,2021-05-03T12:40:15Z,6pPxy713RhI
0,@TruongNguyen-oj9dc,Tai báº¡n cÃ³ váº¥n Ä‘á» rá»“i :) cÃ¡i nÃ y báº¡n Ã½ Ã¡p dá»¥ng kÄ© thuáº­t muting Ä‘áº£o phÃ¡ch kÃ¨m theo há»£p Ã¢m ná»‘i.,0,2021-05-14T10:46:57Z,6pPxy713RhI
0,@TruongNguyen-oj9dc,Pháº£i cháº¯c nhá»‹p láº¯m Ä‘áº¥y áº¡,0,2021-05-14T10:47:09Z,6pPxy713RhI
0,@xuanuyen1750,Báº¡n hÃ¡t dá»Ÿ thÃ¬ ai mÃ  Ä‘Ã n cho báº¡n hÃ¡t Ä‘Æ°á»£c ğŸ¤£,2,2021-05-14T13:45:35Z,6pPxy713RhI
0,@longho4036,Láº¡i 1 ngÆ°á»i chÃ©m,0,2021-05-19T10:58:36Z,6pPxy713RhI
0,@mayvan2793,chá»‹ hÃ¡t hay quÃ¢cÃ²n xinhh ná»¯aanh Ä‘Ã n hay quÃ¡aaaaa,0,2024-05-14T13:18:21Z,fpDN6pfCwHA
0,@johnynguyen840,giá»ng mÅ©i quÃ¡ nghe má»‡t mÃµi tháº­t sá»±,0,2024-05-18T06:01:51Z,fpDN6pfCwHA
0,@antuy.13,fb httpswwwfacebookcomprofilephpid100005968653032fanpage httpswwwfacebookcomtagmusic611677158984948,0,2020-09-30T04:17:48Z,B6g5_PyrXNw
0,@donmy9152,tiáº¿ng Ä‘Ã n hay quÃ¡ áº¡ ğŸ˜ğŸ˜,0,2020-10-16T01:12:36Z,B6g5_PyrXNw
0,@Nicolas-ht4iv,ad lÃ m clip hÆ°á»›ng dáº«n Ä‘i Ä‘Ã n hay qÃ¡,0,2020-10-09T03:13:09Z,B6g5_PyrXNw
0,@anhbaycover7468,cÃ³ dá»‹p muá»‘n Ä‘c giao lÆ°u cÃ¹ng a,0,2020-10-30T13:55:41Z,B6g5_PyrXNw
0,@hemtin5502,cho em xin tiáº¿t Ä‘iá»‡u quáº¡t vá»›i a thanks a,0,2020-10-29T04:38:59Z,B6g5_PyrXNw
2,@vicvic3101,ad Æ¡i up há»£p Ã¢m luÃ´n ih ad Æ¡i ğŸ˜ğŸ˜ğŸ˜,1,2020-09-30T03:59:10Z,B6g5_PyrXNw
0,@antuy.13,ÄÃ£ up áº¡ ^^,1,2020-09-30T04:12:31Z,B6g5_PyrXNw
0,@vicvic3101,Music TAG hihi thá»i gian chá» em mÃ² Ä‘Ã£ ra luÃ´n rá»“i áº¡ ğŸ˜ğŸ˜ğŸ˜ Cáº£m Æ¡n ad nha ğŸ˜,0,2020-09-30T05:58:53Z,B6g5_PyrXNw
1,@antuy.13,Ä‘Ãºng cÅ©ng Ä‘Ã nh sai má»¹ tÃ¢m há»£p Ã¢mf c dm am bb amdmgm cquÃ¡ Ä‘á»§ rá»“i quÃ¡ má»‡t rá»“i quÃ¡ muá»™n rá»“itÃ¬nh yÃªu khÃ´ng cÃ³ lá»—i lá»—i lÃ  do chÃºng ta thÃ´ivÃ¬ khi yÃªu lÃ  sáº½ luÃ´n Ä‘Ãºng cháº³ng bao giá» Ä‘áº¯n Ä‘omuá»‘n yÃªu tÃ¬m cÃ¡ch háº¿t yÃªu thÃ¬ tÃ¬m lÃ½ doprechorus dm am bbcf dm am bb cngÃ y nÃ o cÃ²n yÃªu thÃ¬ luÃ´n nghÄ© Ä‘áº¿n cho nhau báº¥y nhiÃªumÃ  giá» ngÆ°á»i ta láº¡nh lÃ¹ng Ä‘áº¿n tháº¿ dáº«u mÃ¬nh nuÃ´ng chiá»ucháº³ng há» hay biáº¿t cuá»™c tÃ¬nh Ä‘Ã£ khÃ¡c trÆ°á»›c kia quÃ¡ nhiá»ucá»© vÃ´ tÆ° dÃ nh táº·ng má»i thá»© cho ngÆ°á»i mÃ¬nh yÃªuchorus f am bb amdmgm c f am bb am bbcamdmgmcfnáº¿u ngÆ°á»i ta Ä‘Ã£ nghÄ© há» Ä‘ÃºngÄ‘iá»u mÃ¬nh nÃ³i Ä‘Ãºng cÅ©ng thÃ nh saináº¿u ngÆ°á»i ta Ä‘Ã£ khÃ´ng cáº§n ná»¯amÃ¬nh lÃ m gÃ¬ thÃ¬ cÅ©ng khÃ´ng pháº£icÃ²n yÃªu thÃ¬ sáº½ luÃ´n nháº«n náº¡icho dÃ¹ ai Ä‘ang saiÄ‘Ã£ háº¿t yÃªu rá»“i cá»‘ gáº¯ng láº¡i lÃ m phiá»n ngÆ°á»i ta thÃ´ináº¿u ngÆ°á»i ta Ä‘Ã£ luÃ´n giáº­n dá»—itÃ¬m má»i cÃ¡ch khiáº¿n ta buÃ´ng xuÃ´ináº¿u tÃ¬nh yÃªu Ä‘Ã£ khÃ´ng cÃ²n má»›iÄ‘á»«ng ngáº¡c nhiÃªn ngÆ°á»i Ä‘Ã³ thay Ä‘á»•iÄ‘á»‘i vá»›i mÃ¬nh há» lÃ  tháº¿ giá»›inhÆ°ng ngÆ°á»i ta nÃ o cÃ³ nghÄ© ngá»£iÄ‘Ã£ háº¿t yÃªu rá»“i Ä‘Ãºng cÅ©ng thÃ nh sai thÃ´i,0,2020-09-30T04:12:10Z,B6g5_PyrXNw
0,@tranthiendieu,Äoáº¡n Ä‘iá»‡p khÃºc theo tháº¿ báº¥m Bb Ä‘áº§u thay lÃ  Dm,0,2020-09-30T23:21:23Z,B6g5_PyrXNw
0,@dakimopriest5804,nghe giá»‘ng vibe girl like you cá»§a maroon 5,7,2021-07-04T04:18:08Z,AAEX3Iqqmu4
0,@canvahoccungdinh,hay,0,2021-07-04T16:01:28Z,AAEX3Iqqmu4
0,@Yuemings,Ä‘Æ°á»£c Ä‘Ã³ anh 3,0,2021-07-03T06:25:18Z,AAEX3Iqqmu4
0,@bankhoagiauten9944,girl like you Ä‘Ã¢y mÃ ,0,2021-07-07T04:16:15Z,AAEX3Iqqmu4
0,@48-phamthanhvinh72,ngeh quen tháº¿,0,2021-07-07T07:25:02Z,AAEX3Iqqmu4
0,@antuy.13,dáº¡y Ä‘á»‡m hÃ¡t guitar ukulele piano tp hcmfb httpswwwfacebookcomprofilephpid100005968653032fanpage httpswwwfacebookcomtagmusic611677158984948,0,2021-07-08T13:03:45Z,AAEX3Iqqmu4
0,@huynamofficial895,Ä‘c roi ne Ä‘Ã n hay qua,1,2020-08-24T02:22:56Z,m-L5Ies18RM
0,@kienvu7664,show gÆ°Æ¡ng máº·t Ä‘iá»ƒn trai cho mn ngáº¯m Ä‘i em kaka,1,2020-08-24T02:19:21Z,m-L5Ies18RM
0,@manhhung1461,xin máº¥y cÃ¡ch quáº¡t Ä‘i anh Ä‘áº¹p trai,0,2020-10-18T16:28:23Z,m-L5Ies18RM
1,@lenabui4179,Ä‘Ã n gÃ¬ Ä‘áº¥y áº¡,0,2021-02-03T14:44:47Z,m-L5Ies18RM
0,@antuy.13,Guitar LTD áº¡,0,2021-02-03T14:49:47Z,m-L5Ies18RM
0,@nghianghia4226,hay qua cho minh xinh cach Ä‘Ã¡nh vá»›i,0,2020-11-08T07:03:22Z,kbaQDZEvXLs
0,@QuangNguyen-ou1gq,hay quÃ¡ a Æ¡i,0,2020-10-15T16:54:06Z,kbaQDZEvXLs
1,@antuy.13,vá»£ Æ¡i lÃª báº£o bÃ¬nh 4 há»£p Ã¢m abm e f d m tÃ´ng chuáº©ncÃ¡c báº¡n cÃ³ thá»ƒ Ä‘Ã¡nh cao lÃªn 1 xÃ­u cho dá»… am f g em,2,2020-10-15T02:06:16Z,kbaQDZEvXLs
0,@phuongzelo1957,Hay quaÌ cho miÌ€nh xin caÌch quaÌ£t vÆ¡Ìi,0,2020-11-07T11:55:22Z,kbaQDZEvXLs
0,@antuy.13,fb httpswwwfacebookcomprofilephpid100005968653032fanpage httpswwwfacebookcomtagmusic611677158984948,0,2020-10-15T02:05:40Z,kbaQDZEvXLs
1,@trunguchoang5598,5x665x 2x222xx3233x x57775 x57765 mÃ¬nh mÃ² toáº¡ Ä‘á»™ theo chá»§ vid cÃ³ gÃ¬ mng sá»­a giÃºp áº¡,5,2021-12-22T16:01:40Z,IM4lor3o96I
0,@lenguyenthienminhfschooldn3899,dáº¡ em nghÄ© Ä‘oáº¡n nÃ y 2x222x/x3233x Ä‘á»•i thÃ nh 2x222x/2x233x cÃ²n láº¡i thÃ¬ perfect rá»“i áº¡,1,2022-01-28T06:16:49Z,IM4lor3o96I
2,@antuy.13,há»£p Ã¢m vÃ²ng a fm d dm hoáº·c Ä‘Æ¡n giáº£n hÆ¡n capo ngÄƒn 2 g em c cm,1,2021-12-19T12:31:34Z,IM4lor3o96I
0,@tranvutuanminh8383,Ráº£i ra sao v áº¡,1,2021-12-20T06:06:42Z,IM4lor3o96I
0,@antuy.13,@@tranvutuanminh8383 Báº¡n lÃªn Youtube tÃ¬m hÆ°á»›ng dáº«n Ä‘iá»‡u BossaNova nhÃ©!,1,2021-12-20T06:20:42Z,IM4lor3o96I
0,@letuan4948,anh Æ¡i chá»— fm7 xong ná»‘i vá» mÃ u j váº­y áº¡,0,2021-12-21T15:32:30Z,IM4lor3o96I
1,@hoangtuananh4975,hay quÃ¡ báº¡n Æ¡i,1,2021-12-19T14:33:09Z,IM4lor3o96I
0,@antuy.13,Cáº£m Æ¡n báº¡n áº¡!,0,2021-12-20T06:20:01Z,IM4lor3o96I
0,@lephuochiep1931,cho mÃ¬nh xin tá»a Ä‘á»™ vá»›i áº¡,0,2021-12-22T02:50:29Z,IM4lor3o96I
0,@antuy.13,yÃªu tháº§mnhá»‹p 44tÃ´ng chá»£p Ã¢m vÃ²ng c am dm fmgfb httpswwwfacebookcomprofilephpid100005968653032fanpage httpswwwfacebookcomtagmusic611677158984948,2,2021-04-11T02:49:45Z,O-Nz2ltbZLY
0,@oxuanphuong5668,cÃ¡ch ráº£i nhÆ° nÃ o áº¡,0,2021-04-23T14:47:04Z,O-Nz2ltbZLY
1,@antuy.13,lyrics chords trá»‘n tÃ¬m Ä‘en vÃ¢u ft mtv bandf x2 dm x2 e x2 am x2cÃ³ má»™t cÃ¡i cÃ¢y trong má»™t cÃ¡i vÆ°á»ntrÃªn nhá»¯ng tÃ¡n cÃ¢y ná»Ÿ rá»™ nhá»¯ng Ä‘Ã³a hoacÃ³ hai Ä‘á»©a nhÃ³c Ä‘ang chÆ¡i trá»‘n tÃ¬mtÃ¬m hoÃ i tÃ¬m mÃ£i nÃªn quÃªn lá»‘i vá»am x2 f x2 dm x2 e x2anh Ä‘i tÃ¬m thÃ¬ em trá»‘n anh Ä‘i trá»‘n em khÃ´ng tÃ¬mlÃ²ng em khÃ´ng gá»£n sÃ³ng cuá»‘i cÃ¹ng anh máº¥t cÃ´ng chÃ¬mnáº¿u mÃ  cÃ³ cÃ¢y bÃºa anh sáº½ ná»‡n cho bá» cÃ´ngvÃ¬ nhá»› nhung Ä‘áº·c quÃ¡nh giá» nÃ³ khÃ´ thÃ nh bÃª tÃ´ngchÃºng ta rá»“i sáº½ cÃ³ cÃ³ nhá»¯ng chuyáº¿n Ä‘i dÃ itá»± há»c láº¥y má»i thá»© vÃ¬ trong tÃ¬nh trÆ°á»ng lÃ m biáº¿n ghi bÃ icÃ¢u chuyá»‡n cá»§a chÃºng ta bá»—ng cÃ³ thÃªm má»™t miáº¿ng bi hÃ ivÃ¬ cÃ¡ch mÃ  em gá»i anh khÃ´ng cÃ³ u vÃ  thiáº¿u y dÃ i ÃªphÃ­a xa thÃ nh phá»‘ ngÆ°á»i ta Ä‘Ã£ báº­t Ä‘Ã¨n Ä‘Æ°á»nghÆ°Æ¡ng xÆ°a quen lÃ m anh tháº¥y tháº­t thÃ¨m thuá»“ngná»—i buá»“n vÃ ng rá»±c cá»© nhÆ° chá»©a Ä‘á»“ng thÃ¢uhá»‡t nhÆ° lÃ  beckham vÃ¢y em chá»‰ giá»i cá»©a lÃ²ng nhauhÃ© cá»­a sá»• ra mÃ  xem cÃ³ má»™t chÃ ng thi sÄ© Ä‘á»¯ng á»Ÿ ngay nhÃ  emviáº¿t nháº¡c tÃ¬nh mÃ¡t ngá»t tá»±a nhÆ° cÃ¢y cÃ  kemanh ta sáº½ Ä‘á»©ng á»Ÿ nÆ¡i Ä‘Ã¢y cáº£ Ä‘Ãªmf x2 dm x2 e x2 am x2cÃ³ hai cÃ¡i cÃ¢y trong má»™t cÃ¡i vÆ°á»ntrÃªn nhá»¯ng tÃ¡n cÃ¢y ná»¡ rá»™ nhá»¯ng Ä‘Ã³a hoacÃ³ hai Ä‘á»©a nhÃ³c Ä‘ang chÆ¡i trá»‘n tÃ¬mtÃ¬m hoÃ i tÃ¬m mÃ£i nÃªn quÃªn lá»‘i vá»am x2 f x2 dm x2 e x2há»“i Ä‘Ã³ anh rá»¥t rÃ¨ nhÆ° Ä‘Ã¡m cÃ¢y máº¯c cá»¡gáº§n em lÃ m anh há»“i há»™p tá»›i má»©c gÃ¢y táº¯c thá»Ÿta Ä‘á»u khÃ´ng biáº¿t cÃ³ Ä‘á»u gÃ¬ sau Ä‘Ã¡m mÃ¢y sáº¯p ná»ŸtrÃ² chÆ¡i trá»‘n tÃ¬m ngÃ y Ä‘Ã³ sau nÃ y Ä‘áº§y tráº¯c trá»Ÿta sÄƒn báº¯n nhá»¯ng khÃ¡t vá»ng vÃ  hÃ¡i lÆ°á»£m nhá»¯ng giáº¥c mÆ¡ta gieo trá»“ng cÃ¢y Æ°á»›c má»ng thá»© mÃ  láº¥y Ä‘i nhiá»u thÃ¬ giá»ta Ä‘Ã o nhá»¯ng cÃ¡i há»‘ mÃ  khÃ´ng biáº¿t cÃ³ ngÃ y bá»‹ lá»tÄ‘á»ƒ ráº¥t lÃ¢u sau nÃ y chÃºng ta cau mÃ y nháº­n rakhÃ´ng pháº£i táº¥t cáº£ bÃ´ng hoa thÃ¬ Ä‘á»u sáº½ cÃ³ nhá»¯ng nhá»¥y ngá»tgá»i tÃªn em lÃ m anh máº¥t giá»ng hoÃ i há»‡t nhÆ° lÃ  má»™t giáº¥c má»™ng dÃ ita Ä‘i tÃ¬m cáº£ tháº¿ giá»›i nhá»¯ng mÃ  láº¡i trá»‘n nhaubiáº¿t váº­y thÃ  nghá»‰ chÆ¡i tá»« lÃºc má»›i chá»›m Ä‘aungÆ°á»i Ä‘i tÃ¬m cÃ¡i ngÆ°á»i Ä‘i trá»‘n ngÆ°á»i Ä‘i trá»‘n cÃ¡i ngÆ°á»i Ä‘i tÃ¬mam x2 f x2 dm x2 e x2 am x2tÃ¬nh yÃªu tá»« nhá»¯ng ngÃ y xÆ°a Ä‘Ã£ ngá»§ quÃªn dÆ°á»›i tÃ¡n cÃ¢y im lÃ¬mcÃ³ ba cÃ¡i cÃ¢y trong má»™t cÃ¡i cÃ¡i vÆ°á»ntrÃªn nhá»¯ng tÃ¡n cÃ¢y ná»Ÿ rá»™ nhá»¯ng Ä‘Ã³a hoacÃ³ hai Ä‘á»©a nhÃ³c Ä‘ang chÆ¡i trá»‘n tÃ¬mtÃ¬m hoÃ i tÃ¬m mÃ£i nÃªn quÃªn lá»‘i vá»f x2 dm x2 e x2 am x2ai Ä‘Ã³ Ä‘Ã£ cháº·t háº¿t cÃ¢y vÃ  cÅ©ng cháº³ng tháº¥y vÆ°á»ncháº³ng tháº¥y cÃ¢y trong vÆ°á»nai Ä‘Ã³ Ä‘Ã£ xÃ¢y má»™t ngÃ´i nhÃ  ráº¥t to cháº·t háº¿t cÃ¢y Ä‘i rá»“icháº¯c em háº¡nh phÃºc yÃªn vui vá»›i ngÆ°á»inhÃ  em cÃ³ chÃ³ anh khÃ´ng dÃ¡m vÃ odáº¡o f x2 dm x2 e x2 am x2niá»m cÃ´ Ä‘Æ¡n cá»§a nhá»¯ng ngÆ°á»i trÆ°á»Ÿng thÃ nh elÃ  khi muá»‘n trá»‘n nhÆ°ng khÃ´ng ai muá»‘n tÃ¬m amnhiá»u khi ta muá»‘n ta Ä‘Æ°á»£c bÃ© láº¡i eÄ‘á»ƒ khi Ä‘i trá»‘n cÃ³ ngÆ°á»i Ä‘i tÃ¬m amnhiá»u khi ta muá»‘n ta Ä‘Æ°á»£c bÃ© láº¡i eÄ‘á»ƒ khi Ä‘i trá»‘n ecÃ³ ngÆ°á»i Ä‘i tÃ¬m am,4,2021-05-13T17:20:00Z,xEkkQ5Jjl7M
0,@nguyengiang4769,Em cáº£m Æ¡n nhÃ©,0,2021-05-13T17:23:02Z,xEkkQ5Jjl7M
0,@Kid0071,pháº£i cÃ´ng nháº­n bÃ i nÃ y ráº¥t Ä‘á»‰nh,2,2021-05-15T12:15:52Z,xEkkQ5Jjl7M
0,@kimmanhnguyen5981,hay quÃ¡ a áº¡,0,2021-05-16T18:37:18Z,xEkkQ5Jjl7M
0,@nguyengiang4769,ui hay quÃ¡ áº¡ cÃ³ luÃ´n áº¡ em cáº£m Æ¡n áº¡,0,2021-05-13T17:23:23Z,xEkkQ5Jjl7M
0,@nhatnamvuong9272,cho xin hÆ°á»›ng dáº«n Ä‘oáº¡n quáº¡t cháº£ Ä‘Æ°á»£c ko ad,0,2021-05-23T08:00:25Z,xEkkQ5Jjl7M
0,@antuy.13,fb httpswwwfacebookcomprofilephpid100005968653032fanpage httpswwwfacebookcomtagmusic611677158984948,0,2021-05-14T00:43:18Z,xEkkQ5Jjl7M
0,@namkhanh8214,Ä‘iá»‡u gÃ¬ tháº¿ anh Æ¡i,0,2021-05-15T11:05:44Z,xEkkQ5Jjl7M
0,@musicbach211,hay nÃ¨ b Æ¡i Ä‘ang tÃ¬m laylalay tháº¥y Ä‘Äƒng 50p trÆ°á»›c,0,2021-04-13T09:29:28Z,C2baIpyFBZA
0,@leminhhh2853,há»£p Ã¢m á»Ÿ Ä‘Ã¢u váº­y báº¡n,0,2021-04-13T09:00:48Z,C2baIpyFBZA
0,@hocongtam624,cáº£m Æ¡n báº¡n nhiá»u láº¯m,0,2021-03-13T08:04:31Z,NSXtHFlwEAw
0,@antuy.13,capo 3 gg c am cdcha Ä‘uÌ›Ìng voÌ›Ìi con nhiÌ€n phoÌ‚Ì xa xadaÌ£Ì†n con ra sao cuÌ›Ì luoÌ‚n miÌ‰m cuÌ›oÌ›Ì€inhuÌ› caÌch cha daÌ‚Ìu meÌ£Ì‚t moÌ‰i ngaÌ€y daÌ€ithiÌ€ troÌ›Ì‰ veÌ‚Ì€ nhaÌ€ vaÌ‚Ìƒn aÌ†Ìp nieÌ‚Ì€m vuicha noÌi voÌ›Ìi con phaÌ‰i vuÌ›Ìƒng tin leÌ‚nÄ‘uÌ›Ì€ng bao gioÌ›Ì€ queÌ‚n giaÌ‚Ìc moÌ› cuÌ‰a miÌ€nhtuoÌ‚Ì‰i thoÌ› cuÌ‰a con coÌ cha Ä‘oÌ‚Ì€ng haÌ€nh laÌ€ Ä‘ieÌ‚Ì€u voÌ‚ giaÌ c gb am dngaÌ€y con theÌ‚m loÌ›Ìn khoÌ‚ncaÌ‰m nhaÌ£Ì‚n theÌ‚m roÌƒ hoÌ›n cuoÌ£Ì‚c Ä‘oÌ›Ì€icon bieÌ‚Ìt cha Ä‘aÌƒ thaÌ†ng traÌ‚Ì€mcon bieÌ‚Ìt cha coÌ€n muoÌ‚n loÌ›Ì€i thaÌ‚Ì€m laÌ£Ì†ng chorus g df em cdviÌ€ sao cha oÌ›i chaÌ†Ì‰ng keÌ‚Ì‰ con nghe Ä‘ieÌ‚Ì€u cha tieÌ‚Ìc nuoÌ‚ÌituÌ›Ì€ laÌ‚u choÌ‚n giaÌ‚Ìukhi Ä‘aÌƒ queÌ‚n Ä‘am meÌ‚ Ä‘oÌ›Ì€i miÌ€nhÄ‘eÌ‚Ì‰ con no aÌ‚Ìm cha chaÌ£Ì‚t vaÌ£Ì‚t muÌ›u sinhg df em cdgvuÌ›oÌ›Ì£t qua soÌng gioÌ loÌ›Ì€i cha daÌ‚Ìƒn buÌ›oÌ›ÌcmoÌ›Ì‰ roÌ£Ì‚ng tim con bao dung nhuÌ› chatrong Ä‘eÌ‚m Ä‘au thuÌ›oÌ›ng vaÌ‚Ìƒn yeÌ‚u cuoÌ£Ì‚c Ä‘oÌ›Ì€iveÌ£n nguyeÌ‚n moÌ› uÌ›oÌ›Ìc nhuÌ› aÌnh sao troÌ›Ì€inhuÌ›ng sao khoÌ‚ng noÌi cuÌ€ng con cha oÌ›i,2,2021-03-13T02:25:00Z,NSXtHFlwEAw
0,@Lil.CD14,hÆ°á»›ng dáº«n chi tiáº¿t Ä‘i,0,2023-06-11T07:16:23Z,kzbupW6wjVo
1,@antuy.13,há»£p Ã¢m vÃ²ng am em am em am em dm em,1,2020-11-26T06:33:00Z,kzbupW6wjVo
0,@jinromance4484,tks chá»§ thá»›t nghen...há»—m h kiáº¿m lesson mÃ  hong cÃ³â¤ï¸,1,2020-12-15T01:37:33Z,kzbupW6wjVo
0,@antuy.13,fb httpswwwfacebookcomprofilephpid100005968653032fanpage httpswwwfacebookcomtagmusic611677158984948,0,2020-11-26T06:32:42Z,kzbupW6wjVo
1,@Nam-pn7kr,cho em há»i kiá»ƒu quáº¡t Ä‘Æ°á»£c ko áº¡,0,2021-10-29T06:40:30Z,kzbupW6wjVo
0,@antuy.13,XXX L L LX XL,1,2021-11-23T14:06:31Z,kzbupW6wjVo
2,@TrangNguyen-zu6xy,cho em há»i bÃ i nÃ y Ä‘Ã¡nh theo Ä‘iá»‡u gÃ¬ áº¡ em má»›i táº­p chÆ¡i nÃªn kh biáº¿t,0,2021-01-30T09:50:45Z,kzbupW6wjVo
0,@TrangNguyen-zu6xy,ráº£i bass ntn áº¡?,0,2021-01-30T09:51:52Z,kzbupW6wjVo
0,@antuy.13,CÆ¡ báº£n thÃ¬ báº¡n cá»© ráº£i B3231323 b nhÃ©,0,2021-01-30T15:54:40Z,kzbupW6wjVo
1,@tamhoang758,quáº¡t lÃ m sao háº£ ad,0,2021-06-06T11:35:56Z,kzbupW6wjVo
0,@antuy.13,XXX L L LX XL,0,2021-11-23T14:06:42Z,kzbupW6wjVo
0,@antuy.13,á»§ng há»™ team binz httpsyoutubeusi5vkut8ni,0,2020-11-26T06:32:18Z,kzbupW6wjVo
2,@tokanatsumi7502,cho mik xin Ä‘iá»‡u quáº¡t cá»§a báº¡n Ä‘c ko,0,2021-11-23T13:43:10Z,kzbupW6wjVo
0,@antuy.13,XXX L L LX XL,1,2021-11-23T14:06:18Z,kzbupW6wjVo
0,@tokanatsumi7502,@@antuy.13 Thanks áº¡,0,2021-11-23T14:11:29Z,kzbupW6wjVo
0,@_dhl,theo mÃ¬nh nghÄ© anh Ä‘á»™ Ä‘Ã£ khÃ´ng muá»‘n lÃ´i tÃªn huyr lÃªn thÃ¬ anh cÅ©ng Ä‘á»•i title láº¡i Ä‘i áº¡,2,2020-09-18T11:14:12Z,VoQCttZvEkg
0,@antuy.13,tone ghá»£p Ã¢m pháº§n Ä‘iá»‡p khÃºc c g c adgpage httpswwwfacebookcomtagmusic611677158984948,2,2020-09-23T02:56:26Z,VoQCttZvEkg
1,@PhamVanThinh-gs4nk,táº¡m tháº¥y c9 g c9 amd g,1,2020-09-13T13:39:13Z,VoQCttZvEkg
0,@hoangnguyenkim2486,Cadd9 báº¡n,0,2020-09-22T16:07:57Z,VoQCttZvEkg
1,@thanhtuan1066,quáº¡t kiá»ƒu gÃ¬ vÃ¢yh áº¡,2,2020-09-13T09:17:46Z,VoQCttZvEkg
0,@moonarlo,"XnXLnLX x2 1 há»£p Ã¢m nhÃ©, theo mÃ¬nh lÃ  v",1,2020-09-13T09:23:09Z,VoQCttZvEkg
1,@thegiang8821,xin há»£p Ã¢m Ä‘c ko áº¡,3,2020-09-13T11:34:42Z,VoQCttZvEkg
0,@luongtheson6037,Cadd9 G D A,0,2020-09-16T09:48:27Z,VoQCttZvEkg
1,@hieuvu7985,huyr huyr lÃ m Ã  ae,3,2020-09-13T09:05:02Z,VoQCttZvEkg
0,@thanhtuan1066,VÃ¢ng áº¡,0,2020-09-13T09:18:09Z,VoQCttZvEkg
6,@thanhtung8613,Ä‘oáº¡n Ä‘áº£o phÃ¡ch a d g Ä‘Ã¡nh sao v áº¡,1,2020-09-19T15:00:13Z,VoQCttZvEkg
0,@musicnormal2284,Theo nhÆ° mÃ¬nh nghe thÃ¬,0,2020-10-07T12:33:14Z,VoQCttZvEkg
0,@musicnormal2284,Quáº¡t X XL LXLX,0,2020-10-07T12:34:05Z,VoQCttZvEkg
0,@musicnormal2284,Xuá»‘ng cuá»‘i cÃ¹ng lÃ  chuyá»ƒn há»£p Ã¢m tá»« C sang G,0,2020-10-07T12:34:34Z,VoQCttZvEkg
0,@musicnormal2284,BÃ¢y giá» Ä‘áº¿n chuyá»ƒn há»£p Ã¢m A D G,0,2020-10-07T12:34:48Z,VoQCttZvEkg
0,@musicnormal2284,X XL LXLX<br>A       D    G,0,2020-10-07T12:37:03Z,VoQCttZvEkg
0,@antuy.13,fb httpswwwfacebookcomprofilephpid100005968653032fanpage httpswwwfacebookcomtagmusic611677158984948,0,2020-11-14T14:49:09Z,ixMr205RWHw
0,@antuy.13,á»§ng há»™ gducky httpsyoutubei8ykxttwl5u,0,2020-11-14T14:48:47Z,ixMr205RWHw
0,@duongthuanan5260,cho em xin há»£p Ã¢m áº¡,0,2020-11-15T23:48:33Z,ixMr205RWHw
0,@minh4159,lÃ m video hÆ°á»›ng dáº«n Ä‘i anh,0,2021-05-28T05:23:48Z,rb-SOHfXkkI
0,@atnguyen9381,hay quÃ¡anh hÆ°á»›ng dáº«n Ä‘i áº¡,1,2020-11-16T08:59:20Z,Xs-WhHIrXME
0,@antuy.13,á»§ng há»™ rtee httpsyoutubekllcyjvvhmuhá»£p Ã¢m dm bmaj7bb7,0,2020-11-13T14:23:36Z,Xs-WhHIrXME
0,@antuy.13,fb httpswwwfacebookcomprofilephpid100005968653032fanpage httpswwwfacebookcomtagmusic611677158984948,0,2020-11-13T14:23:21Z,Xs-WhHIrXME
0,@zvi2348,a lÃ m hÆ°á»›ng dáº«n pháº§n Ä‘k Ä‘i áº¡,0,2020-11-29T11:22:48Z,Xs-WhHIrXME
0,@_lephuhung,tay pháº£i Ä‘Ã¡nh sao nhá»,0,2021-12-17T17:21:01Z,Xs-WhHIrXME
0,@vangdapoet5706,Ã´ng nÃ o Ä‘á»c Ä‘c há»£p Ã¢m k,0,2021-01-04T10:06:26Z,Xs-WhHIrXME
0,@BraggTrollgameTM,cho mÃ¬nh xin vÃ²ng há»£p Ã¢m vá»›i 3 vÃ  hi vá»ng báº¡n sáº½ ra nhiá»u Ä‘oáº¡n drop khÃ¡c hÆ¡n,0,2020-07-17T08:59:39Z,DGieCk9lhs8
0,@vyo3023,mÃ¬nh xin vÃ²ng há»£p Ã¢m vá»›i áº¡,0,2020-07-29T03:12:28Z,DGieCk9lhs8
0,@vietlay9741,lm hÆ°á»›ng dáº«n Ä‘á»‡m hÃ¡t Ä‘i a,0,2020-11-03T05:59:54Z,_cMP3ZgZjto
0,@jaynguyen1450,Ä‘á»‰nh quÃ¡ báº¡n,0,2020-10-21T11:38:59Z,_cMP3ZgZjto
0,@ThuyDoo,hÆ°á»›ng dáº«n Ä‘Ã n bÃ i nÃ y Ä‘eeeee anh oiiiiiii,0,2020-12-01T13:25:14Z,_cMP3ZgZjto
0,@antuy.13,fb httpswwwfacebookcomprofilephpid100005968653032fanpage httpswwwfacebookcomtagmusic611677158984948,0,2020-10-21T05:58:43Z,_cMP3ZgZjto
0,@tuyenvan3927,hay láº¯m báº¡n Æ¡i ğŸ‰,0,2024-03-08T13:00:26Z,ozhQkh3LXrg
0,@nonguyen7395,hay quÃ¡ báº¡n Æ¡i,0,2024-04-08T04:57:33Z,ozhQkh3LXrg
0,@mstlijaakter45,â¤â¤â¤â¤â¤,0,2024-03-21T06:22:58Z,ozhQkh3LXrg
0,@quocluong9357,hay,0,2024-03-12T14:07:20Z,ozhQkh3LXrg
0,@chp785,malaysia new song before trending ğŸ‘ğŸ»ğŸ”¥steady gang å‘¨æ˜Ÿç¿…chou xing chi ğŸ”¥ğŸ”¥ğŸ”¥ğŸ”¥ğŸ”¥,0,2024-03-20T06:39:36Z,ozhQkh3LXrg
0,@thanhlongly6506,Ä‘Ã¡nh hay quÃ¡ Æ°á»›c gÃ¬ cÃ³ hÆ°á»›ng dáº«n tá»« tá»« ğŸ¥º,0,2024-05-24T10:20:11Z,ozhQkh3LXrg
1,@hoanguc8500,Ä‘Æ°á»£c nha hÆ°á»›ng dáº«n cá»¥ thá»ƒ luÃ´n,0,2024-03-22T16:10:25Z,ozhQkh3LXrg
0,@antuy.13,B chá»‹u khÃ³ tua cháº­m láº¡i xem sáº½ táº­p theo Ä‘Æ°á»£c áº¥y áº¡,0,2024-03-27T03:55:04Z,ozhQkh3LXrg
1,@tdx6601,Ä‘Ã n gÃ¬ mÃ  nhÃ¬n xá»‹n quÃ¡ báº¡n Æ¡i,0,2024-03-17T14:56:52Z,ozhQkh3LXrg
0,@antuy.13,Made in Viet Nam áº¡,0,2024-03-17T18:15:13Z,ozhQkh3LXrg
1,@tramy2002,lc lÃ  gÃ¬ áº¡,0,2024-04-22T01:22:06Z,ozhQkh3LXrg
0,@antuy.13,L: quáº¡t lÃªn<br>X: quáº¡t xuá»‘ng<br>C: cháº·n dÃ¢y<br>Báº¡n nhÃ©!,0,2024-04-22T03:47:47Z,ozhQkh3LXrg
2,@DungPham-xg7cn,nhÃ¬n thÃ´i chá»© Ä‘oáº¡n quáº¡t lÃ  tháº¥y khÃ´ng Äƒn Ä‘Æ°á»£c rá»“i Ä‘áº¥y,0,2024-03-26T19:09:51Z,ozhQkh3LXrg
0,@antuy.13,"Cáº£m há»©ng áº¥y áº¡, a cÃ³ thá»ƒ tua cháº­m Ä‘á»ƒ xem dá»… hÆ¡n áº¡",2,2024-03-27T03:55:52Z,ozhQkh3LXrg
0,@user-sv2pb4sx1u,quáº¡t báº£n báº¡n nÃ y hÆ°á»›ng dáº«n hay quÃ¡. tui Ä‘Ã¡nh theo há»£p láº¯m luÃ´n.,1,2024-05-18T16:08:23Z,ozhQkh3LXrg
0,@tuanmoh5090,hay quÃ¡ anh,1,2020-12-21T06:15:29Z,qKw2hE5uHoE
0,@antuy.13,fb httpswwwfacebookcomprofilephpid100005968653032fanpage httpswwwfacebookcomtagmusic611677158984948,0,2020-12-21T05:56:41Z,qKw2hE5uHoE
0,@antuy.13,cÃ y view cho sÆ¡n tÃ¹ng mtp httpsyoutubepsz1g9fmfeo,0,2020-12-21T05:56:19Z,qKw2hE5uHoE
0,@huy744,bÃ i ta cá»© Ä‘i cÃ¹ng nhau Ä‘i anh e chÆ°a biáº¿t Ä‘Ã¡nh bÃ i Ä‘Ã³ mong anh hÆ°á»›ng dáº«n,0,2024-03-28T01:58:48Z,jECP6ry5V6M
0,@jinangsohai3233,ngáº§u Ä‘ÃªÃ½,3,2020-05-01T02:27:32Z,suoCRN1HWcE
0,@ngyenduy19,xin Ä‘iá»‡u quáº¡t báº¡n Æ¡i please,2,2020-07-02T14:13:00Z,suoCRN1HWcE
1,@quangsui843,quáº¡t ntn a Æ¡i,2,2020-05-11T08:15:44Z,suoCRN1HWcE
0,@antuy.13,Cáº£m há»©ng thÃ´i b Æ¡i :)),0,2020-05-24T00:57:34Z,suoCRN1HWcE
1,@chillrain4,xin tÃªn shop bÃ¡n Ä‘Ã n áº¡,1,2020-11-04T16:46:59Z,suoCRN1HWcE
0,@antuy.13,TAG Music áº¡,0,2020-11-05T00:35:49Z,suoCRN1HWcE
0,@antuy.13,page httpswwwfacebookcomtagmusic611677158984948,1,2020-09-23T02:56:55Z,suoCRN1HWcE
1,@bupgmobile4107,há»£p Ã¢m gÃ¬ váº­y anh,2,2019-10-31T12:46:04Z,suoCRN1HWcE
0,@antuy.13,BUPG mobile A# Cm Fsus4-F áº¡,0,2019-10-31T15:04:44Z,suoCRN1HWcE
0,@LuongTranGuitar,hay quÃ¡ nha báº¡n d táº·ng 1 like nÃ¨,1,2021-07-01T17:12:42Z,ERZzgQFLUJo
0,@antuy.13,dáº¡y Ä‘á»‡m hÃ¡t guitar ukulele piano tp hcmfb httpswwwfacebookcomprofilephpid100005968653032fanpage httpswwwfacebookcomtagmusic611677158984948,0,2021-07-08T13:03:04Z,ERZzgQFLUJo
0,@dungbebongchanel5266,Æ°á»›t á»Ÿ trÃªn mi má»—i láº§n qua tá»«ng nÆ¡i dáº¥u chÃ¢n ta Ä‘i giá» cÃ²n Ä‘Ã¢u tÃ¬nh yÃªu lÃºc khÃ´ng lÃ  gÃ¬ uá»‘ng thÃªm lÃ  vÃ¬ nÆ°á»›c máº¯t anh rÆ¡i vÃ o táº­n trong ly chÃºng ta khÃ´ng sai nhÆ°ng giá» Ä‘Ã¢y lÃ m sao Ä‘á»ƒ em quay láº¡i nhÃ  vÃ  xe lÃ m chi ngÃ³ng trÃ´ng em hoÃ i thá»©c cáº£ Ä‘Ãªm dÃ i muá»‘n em bÃªn anh pháº£i gá»i thÃªm chai tá»«ng há»©a bao nhiÃªu cÃ¢u giá» cÅ©ng khÃ´ng bÃªn nhau cháº³ng biáº¿t hÃ´m chia tay em Ä‘Ã£ ngá»“i khÃ³c trong bao lÃ¢u lÃºc Ä‘Ã³ Ä‘á»§ can Ä‘áº£m Ä‘Ã¢u mÃ  nhÃ¬n láº¡i cá»‘ gáº¯ng háº¿t bao nhiÃªu vÃ  cÅ©ng xa nhau mÃ£i Ä‘Ã£ hÆ¡n má»™t nÄƒm trÃ´i qua mÃ  máº¹ váº«n tháº¿ cá»© tiáº¿c Ä‘Ã´i ta xoÃ¡ cáº£ hÃ¬nh xÄƒm trÃªn da chuyá»‡n tÃ¬nh mÃ¬nh cÅ©ng cháº³ng thá»ƒ phÃ´i pha cháº¯c cÅ©ng Ä‘Ã£ lÃ¢u anh khÃ´ng muá»‘n say mÃ  cuá»‘i cÃ¹ng lÃ  hÃ´m nay anh láº¡i nhá»› tá»›i em cÃ³ thá»ƒ sáº½ phone cho em vÃ  sáº½ láº¡i nÃ³i anh váº«n yÃªu em báº¥m chuÃ´ng nhÃ  em trong Ä‘Ãªm vÃ  hÃ ng ngÃ n thá»© biáº¿t cháº¯c khÃ´ng nÃªn há»©a trong lÃ²ng anh sáº½ khÃ´ng uá»‘ng thÃªm Ä‘Æ°á»£c trong Ä‘Ãªm vÃ¬ em lÃ  lÃ½ do sá»‘ má»™t lÃ m cho anh khÃ´ng thá»ƒ say,0,2024-04-02T13:25:54Z,LkaccexMhFQ
0,@bluee1422,cho mÃ¬nh há»i há»£p Ã¢m Ä‘oáº¡n cÃ³ thá»ƒ sáº½ phone cho emnhÆ° tháº¿ nÃ o áº¡,0,2024-05-15T11:04:30Z,LkaccexMhFQ
1,@HaiPham-fl7yi,hay tháº¿,0,2024-03-18T13:07:03Z,LkaccexMhFQ
0,@antuy.13,Cáº£m Æ¡n báº¡n áº¡ ^^,0,2024-04-03T13:53:05Z,LkaccexMhFQ
1,@user-ft2du6lr9v,mn cho em há»i vs em má»›i tÃ¬m hiá»ƒu vá» guitar thÃ¬ lÃªn mua loáº¡i Ä‘Ã n nÃ o áº¡,0,2024-05-15T04:35:27Z,LkaccexMhFQ
0,@antuy.13,"About: <a href=""https://linktr.ee/tuyannguyen"">https://linktr.ee/tuyannguyen</a><br>Zalo: 09874 09748<br>B ibox mÃ¬nh nhÃ©!",0,2024-05-15T04:49:45Z,LkaccexMhFQ
3,@straydox9632,báº¡n cho mÃ¬nh há»i Ä‘oáº¡n quáº¡t â€œ vÃ¬ em lÃ  lÃ­ do sá»‘ má»™tâ€ báº¡n quáº¡t ntn,0,2024-04-03T10:38:16Z,LkaccexMhFQ
0,@straydox9632,VÃ  báº¡n Ä‘Ã¡nh ráº¥t hay,0,2024-04-03T10:38:35Z,LkaccexMhFQ
0,@antuy.13,Dáº¡ váº«n lÃ  Ballad nhÆ°ng chia Ä‘Ã´i phÃ¡ch ra tá»« Am xuá»‘ng D áº¡,1,2024-04-03T13:52:44Z,LkaccexMhFQ
0,@straydox9632,@@antuy.13 cáº£m Æ¡n báº¡n!,0,2024-04-03T13:59:24Z,LkaccexMhFQ
1,@huy744,Ä‘Ã n gÃ¬ váº­y anh,1,2024-03-27T03:35:13Z,LkaccexMhFQ
0,@antuy.13,Enya EGA X1 Pro áº¡,0,2024-03-27T03:53:50Z,LkaccexMhFQ
2,@Truongvu-ob2ej,khÃ´ng cÃ³ mÃ³ng tay cÅ©ng gáº£y Ä‘Æ°á»£c guitar Ã  báº¡n ğŸ¤’,0,2024-03-18T06:03:11Z,LkaccexMhFQ
0,@NDKBMT,Tháº­t vÃ´ triğŸ˜…,0,2024-03-18T11:10:27Z,LkaccexMhFQ
0,@n.giagn2806,gáº£y thoáº£i mÃ¡i báº¡n áº¡ :))),0,2024-03-18T13:16:33Z,LkaccexMhFQ
0,@rohanfingerstyle,truly an amazing cover loved it big like from my sideyou deserve lot of subscribers stay connected,0,2022-03-06T05:06:18Z,WgKqz-xjUCg
0,@ngantruong5209,cÃ¡i a7 anh chia Ä‘Ã´i báº¥m nhÆ° nÃ o váº­y anh,0,2024-04-23T15:30:36Z,ZMmvR_6nE7M
1,@_dazyne_,Ä‘Ã n nÃ y a mua giÃ¡ bn Ã¡,1,2024-03-13T12:53:26Z,ZMmvR_6nE7M
0,@antuy.13,3tr5 Ã  báº¡n Æ¡i,0,2024-03-14T02:41:32Z,ZMmvR_6nE7M
1,@bichdieptran2094,em7 áº¥n nhÆ° nÃ o v báº¡n,2,2024-03-14T08:09:09Z,ZMmvR_6nE7M
0,@antuy.13,"Dáº¡ cháº·n ngÄƒn 7, ngÃ³n trá» dÃ¢y 2 ngÄƒn 8 vÃ  ngÃ³n giá»¯a dÃ¢y 4 ngÄƒn 9",1,2024-03-14T09:31:40Z,ZMmvR_6nE7M
0,@antuy.13,x lÃ  ráº£i xuá»‘ngl lÃ  ráº£i lÃªnc lÃ  cháº·n dÃ¢yÄ‘iá»‡u x l c l l c l cÃ²n Ä‘oáº¡n cÃ³ dáº¥u gáº¡ch ngang thÃ¬ chá»‰ cáº§n x l c l thÃ´i,0,2024-06-10T01:28:24Z,LeT3dyWJrD4
0,@ApCommunityRock,heyo rock on my friend have a great day and keep it up d,0,2024-06-11T00:14:11Z,LeT3dyWJrD4
1,@user-jj6wb2fd9b,gÃ o thÃ©c your smile cÃ³ 5 há»£p Ã¢mthÃ¡ch anh Ä‘Ã¡nh Ä‘Æ°á»£c Ä‘Ã³ğŸ‰Ä‘Æ°á»£c rá»“i thÃ¬ quay video chá»‰ toi lÃ  Ä‘Æ°á»£cğŸ‰,0,2024-06-17T21:31:26Z,LeT3dyWJrD4
0,@antuy.13,"BÃ i Ä‘Ã³ 4 há»£p Ã¢m nÃ¨ báº¡n: D - E/D - C<a href=""http://www.youtube.com/results?search_query=%23m7"">#m7</a> - F<a href=""http://www.youtube.com/results?search_query=%23m7"">#m7</a>",0,2024-06-18T03:19:28Z,LeT3dyWJrD4
1,@thoakim2912,anh Æ¡i anh Ä‘á»ƒ nguyÃªn lá»i bÃ i hÃ¡t há»£p Ã¢m chuyá»ƒn ngay chá»— lá»i nÃ o giÃºp em vá»›i em má»›i táº­p mÃ  lÃº quÃ¡,0,2024-06-14T17:46:38Z,LeT3dyWJrD4
0,@antuy.13,"Dáº¡ báº¡n cÃ³ thá»ƒ tua cháº­m láº¡i Ä‘á»ƒ nghe ká»¹ lá»i áº¥y áº¡, cÃ¡c clip sau mÃ¬nh sáº½ tÃ¬m hiá»ƒu rá»“i Ä‘á»ƒ lá»i bÃ i hÃ¡t lÃªn áº¡",1,2024-06-17T09:35:23Z,LeT3dyWJrD4
1,@207trthanh,cÃ¡ch ráº£i vá»›i chi tiáº¿t tá»«ng há»£p Ã¢m Ä‘Ã¡nh á»Ÿ chá»— nÃ o trong lá»i bÃ i hÃ¡t dc k anh ğŸ¥°ğŸ¥°ğŸ¥°,1,2024-06-09T15:50:58Z,LeT3dyWJrD4
0,@antuy.13,"X L C L, L C L <br>CÃ²n Ä‘oáº¡n cÃ³ dáº¥u gáº¡ch ngang thÃ¬ báº¡n chá»‰ cáº§n X L C L thÃ´i.<br>X lÃ  ráº£i xuá»‘ng<br>L lÃ  ráº£i lÃªn<br>C lÃ  cháº·n dÃ¢y",0,2024-06-10T01:27:17Z,LeT3dyWJrD4
3,@aiNguyen-tm1kx,dm7 a Ä‘Ã¡nh kiá»ƒu gÃ¬ v áº¡ sao e tháº¥y giá»‘ng em7b5 v a,0,2024-06-10T04:01:04Z,LeT3dyWJrD4
0,@antuy.13,"Báº¡n báº¥m theo biá»ƒu Ä‘á»“ há»£p Ã¢m thá»© 2 D<a href=""http://www.youtube.com/results?search_query=%23m7"">#m7</a> lÃ  Ä‘Ãºng Ä‘Ã³ áº¡",0,2024-06-10T04:41:50Z,LeT3dyWJrD4
0,@aiNguyen-tm1kx,"@@antuy.13 e chÆ°a nhÃ¬n rÃµ biá»ƒu Ä‘á»“, a cÃ³ show cho em Ä‘Æ°á»£c k áº¡, e cáº£m Æ¡n nhÃ©",0,2024-06-10T04:59:27Z,LeT3dyWJrD4
0,@antuy.13,NgÃ³n trá» cháº·n ngÄƒn 6<br>NgÃ³n giá»¯a ngÄƒn 7 dÃ¢y 2<br>NgÃ³n Ã¡p Ãºt ngÄƒn 8 dÃ¢y 4,0,2024-06-10T05:03:15Z,LeT3dyWJrD4
0,@Kts.HuyPhan,lÃ m clip hÆ°á»›ng dáº«n Ä‘i a Æ¡i,2,2021-07-29T03:58:42Z,uttKbsT7_U0
0,@cuongnguyendt01,hay,0,2021-06-15T07:53:06Z,uttKbsT7_U0
0,@volg.baochua80,quÃ¡ dÄ©nh,0,2021-04-27T06:24:16Z,uttKbsT7_U0
0,@QuangTran-if3hi,lm clip hÆ°á»›ng dáº©n Ä‘i a zai Æ¡i,0,2021-06-12T14:57:41Z,uttKbsT7_U0
0,@HuyPham-ru5yh,lÃ m clip hÆ°á»›ng dáº«n i a,0,2021-03-05T11:09:47Z,uttKbsT7_U0
0,@nhathanh7581,há»£p Ã¢m tÃ¢m tráº¡ng Ä‘i báº¡n Æ¡i,0,2021-03-04T18:12:58Z,uttKbsT7_U0
0,@nguyenkan901,cÃ³ hÆ°á»›ng dáº«n khÃ´ng em trai Æ¡i,0,2021-06-12T15:58:48Z,uttKbsT7_U0
0,@hoangthanhnguyen7325,anh Æ¡i bÃ i nÃ y Ä‘Ã¡nh Ä‘iá»‡u j váº­y,0,2021-05-25T15:39:50Z,uttKbsT7_U0
0,@rapxiec9117,cho mÃ¬nh xin lá»i cÃ³ há»£p Ã¢m,0,2021-03-04T05:51:48Z,uttKbsT7_U0
0,@hdphuong9656,sao ko choi full bÃ i báº¡n,0,2021-07-24T08:50:55Z,uttKbsT7_U0
0,@khanhtrinh1857,bn lÃ m 1 báº£n tab Ä‘c ko,0,2021-05-28T03:47:59Z,uttKbsT7_U0
0,@atro5043,xin Ä‘iá»‡u,0,2021-04-01T14:08:50Z,uttKbsT7_U0
0,@tuantruong6717,sao ngáº¯n tháº¿ báº¡n,0,2021-09-16T22:15:00Z,uttKbsT7_U0
0,@terroristv7108,zombie,0,2021-03-13T15:11:43Z,uttKbsT7_U0
0,@capcus9037,trÄƒng soi trong Ä‘Ãªm mÃ¢y trÃ´i láº·ng tháº§mbÃªn thá»m nhÃ  giÃ³ nháº¹ nhÃ ngsao hÃ´m nay tÃ´i nÆ¡i Ä‘Ã¢y láº¡i buá»“ncÃ³ khi vÃ¬ nhá»› má»™t aisay cho quÃªn Ä‘i bao nhiÃªu tÃ¬nh Ä‘á»iÄ‘Ã´ng Ã¹a vá» se láº¡nh trá»ithÆ°Æ¡ng em nÃªn tÃ´i Ä‘au tháº¯t con timÄ‘Ã¢u ai cháº¯c em vui bÃªn ngÆ°á»i tathu sang Ä‘Ã´ng láº·ng tháº§m nhÃ¬n ai mang bÃ´ngxe Ä‘Ã³n Ä‘Æ°a cÃ´ dÃ¢u Ä‘ang bÆ°á»›c theo chá»“nglÃª Ä‘Ã´i chÃ¢n thiá»‡p há»“ng cáº§m tay em traotÃ´i chÃºc em yÃªn vui sao quÃ¡ Ä‘au lÃ²ngÄ‘Ã´ng Æ¡i Ä‘Ã´ng ngÆ°á»i Ä‘á»«ng vá»™i mang em Ä‘itrong tháº¿ gian hÆ° vÃ´ láº¯m kiáº¿p báº½ bÃ ngÄ‘Ã¢u ai hay lÃ  ngÆ°á»i tá»«ng trao yÃªu thÆ°Æ¡ngchá»‰ Ä‘á»©ng Ä‘Ã¢y tÃ¢m tÆ° vá»›i Ã¡nh trÄƒng vÃ ngtá»«ng láº·ng nhÃ¬n em Ä‘an chiáº¿c Ã¡o phong sÆ°Æ¡ngtá»«ng thÃ¬ tháº§m cÃ¹ng em vá»›i ly cafe khÃ´ng Ä‘Æ°á»ngrá»“i má»™t ngÃ y Ä‘áº¹p trá»i cÃ¹ng nhau Ä‘i Ä‘Ã³ Ä‘i Ä‘Ã¢yváº­y mÃ  sao hÃ´m nay em bá» láº¡i tÃ´i nÆ¡i nÃ ytá»«ng láº·ng nhÃ¬n em Ä‘an chiáº¿c Ã¡o phong sÆ°Æ¡ngtá»«ng thÃ¬ tháº§m cÃ¹ng em vá»›i ly cafe khÃ´ng Ä‘Æ°á»ngngÃ y dÃ i sáº§u cuá»™c Ä‘á»i vÃ¬ em cÃ´ gÃ¡i kiÃªu sanhÃ¬n láº¡i cháº·n Ä‘Æ°á»ng qua chá»‰ cÃ²n tÃ´i nÆ¡i Ä‘Ã¢yrapnhá»‘t mÃ¬nh vÃ o má»™t cÄƒn phÃ²ng nhá»nhÆ° káº½ Ä‘ang tÃ¢m tháº§n kinhta giáº¥u Ä‘iá»u gÃ¬ mÃ  ngá»±c náº·ng trÄ©umuá»‘n ká»ƒ nhÆ°ng trÄƒm láº§n nhá»‹nváº«n kiÃªn Ä‘á»‹nh vÃ¬ chuyá»‡n bÃªn tÃ´i mÃ em Ä‘Ã£ tráº£i bao láº§n tÃ¬nhÄ‘á»‘i diá»‡n vá»›i nhau láº·ng thinhcÃ²n Ä‘Ã¢u ngÃ y ngáº¯m mÃ¹a hoa máº­n chÃ­nÄ‘Ãªm mÃ¹a Ä‘Ã´ng sangvá»›i ly cafe Ä‘áº¯ng sáº§u tÃ ncÃ³ lÃ  gÃ¬ mÃ  mong ngÆ°á»i khÃ¡c vÃ¬ mÃ¬nhpháº£i sá»‘ng luÃ´n cáº§u toÃ nkhi trá»i khuya láº¡i se láº¡nh thÃªmlÃ m báº¡n cÃ¹ng vá»›i chai rÆ°á»£u vangpháº£i ngá»“i suy nghÄ© Ä‘áº¿n máº¥t cáº£ thÃ¡nglÃ½ do em Ä‘i sao vá»™i vÃ ngngÃ y Ä‘áº§u tuáº§n vá»«a quaem cÃ¹ng ai quÃ¡ tÃ¬nh cá»tay Ä‘ang cáº§m mÃ³n quÃ  táº·ng emgiáº­t mÃ¬nh tá»± cÆ°á»i tháº¥y mÃ¬nh khá»biáº¿t em phá»¥ tÃ´i khÃ´ng Ä‘Ã nh Ä‘Ã¢ukhÃ³i thuá»‘c Ä‘áº¯ng Ä‘Ã´i máº¯t dáº§n má»táº¡i mÃ¬nh ngu rá»“i máº¯c láº§m lá»¡váº­y mÃ  bao Ä‘Ãªm cá»© thá»©c tháº§n chá»nhiá»u láº§n tá»«ng muá»‘n buÃ´ngnghÄ© tá»›i Ä‘Ã¢y lÃ  khÃ³ rá»“ivuá»‘t trÃ¡n sáº§u Ä‘á»©ng ngá»“i khÃ´ng yÃªntá»± tháº¥y mÃ¬nh cÅ©ng khÃ¡ tá»“iÄ‘áº¥m vÃ o ngá»±c váº«n khÃ´ng thá»ƒ tinchá»‰ muá»‘n thÃ©t lÃªncháº³ng gÃ¬ Ä‘au hÆ¡n khi pháº£i nghe cÃ¢ulÃ  em cÃ³ thai vá»›i nÃ³ rá»“itrÄƒng soi trong Ä‘Ãªm mÃ¢y trÃ´i láº·ng tháº§mbÃªn thá»m nhÃ  giÃ³ nháº¹ nhÃ ngsao hÃ´m nay tÃ´i nÆ¡i Ä‘Ã¢y láº¡i buá»“ncÃ³ khi vÃ¬ nhá»› má»™t ai,1,2021-07-28T13:28:08Z,uttKbsT7_U0
0,@rapxiec9117,cho mÃ¬nh xin lá»i cÃ³ há»£p Ã¢m,0,2021-03-04T05:51:41Z,uttKbsT7_U0
0,@peter29771,cuá»‘n quÃ¡ áº¡,0,2024-03-12T16:34:50Z,9uMPaJ-1n9Q
0,@user-sr1ed4fq7v,nghe cuá»‘nnnnn,0,2024-01-18T06:31:58Z,9uMPaJ-1n9Q
0,@quoctriho5948,e xin há»£p Ã¢m vá»›i áº¡,0,2024-01-25T10:24:56Z,9uMPaJ-1n9Q
3,@11b3chuongmai6,anh chia sáº» cÃ¡ch quáº¡t Ä‘Æ°á»£c khÃ´ng áº¡,0,2024-02-01T04:58:18Z,9uMPaJ-1n9Q
0,@thanhcuong8170,CaÌ‰m nhÃ¢Ì£n thÃ´i baÌ£n Æ¡i.,0,2024-02-01T05:02:50Z,9uMPaJ-1n9Q
0,@antuy.13,"Dáº¡ Ä‘Ãºng áº¡, em chá»‰ feel theo nháº¡c má»™t cÃ¡ch tá»± nhiÃªn thÃ´i áº¡ ğŸ˜„ğŸ˜„",0,2024-02-01T09:40:33Z,9uMPaJ-1n9Q
0,@vanhieu4413,máº¥y báº¡n pro thÃ¬ Ä‘a sá»‘ há» Ä‘Ã¡nh ngáº«u há»©ng,0,2024-05-27T14:39:32Z,9uMPaJ-1n9Q
0,@MinhVuNgoc-sr4hc,cáº§u hÃ´n Ä‘i áº¡,0,2024-06-10T14:36:09Z,acihxXj-Hdg
0,@ApCommunityRock,rock n roll my friend have a great day and keep it up d,0,2024-05-25T00:27:09Z,acihxXj-Hdg
0,@sonpham6100,idol cá»§a mÃ¬nh,0,2024-05-25T05:28:02Z,acihxXj-Hdg
0,@hope2002_,hay quÃ¡ 3,0,2024-05-23T10:25:22Z,acihxXj-Hdg
0,@tantruong763,mong add hÃ¡t guitar bÃ i cáº©m tÃº cáº§u hehe,0,2024-05-22T09:31:56Z,acihxXj-Hdg
1,@babilooo34,anh ráº£i cÃ³ pháº£i lÃ  Ä‘iá»‡u bossanova ko áº¡,0,2024-06-07T08:07:32Z,apnq5qLTc_0
0,@antuy.13,Dáº¡ khÃ´ng pháº£i áº¡,0,2024-06-07T10:48:34Z,apnq5qLTc_0
2,@babilooo34,anh giáº£i thÃ­ch cÃ¡ch ráº£i bcb 321 c Ä‘c ko áº¡,0,2024-06-07T08:12:49Z,apnq5qLTc_0
0,@antuy.13,"B lÃ  dÃ¢y Bass, C lÃ  cháº·n dÃ¢y, 123 lÃ  sá»‘ dÃ¢y 1,2,3 áº¡",1,2024-06-07T10:49:00Z,apnq5qLTc_0
0,@babilooo34,@@antuy.13em cáº£m Æ¡n áº¡,0,2024-06-07T10:50:13Z,apnq5qLTc_0
0,@Tobi-ru5hw,chá»‹ kh dÃ¹ng dá»¥ng cá»¥ thu Ã¢m mÃ  sao Ã¢m nghe hay v áº¡,0,2024-05-19T15:18:18Z,0qgS_BZ-Ed0
0,@playgame-hx5wq,hay láº¯m báº¡n oi,0,2024-03-18T14:15:12Z,kJzUHkDROrg
0,@user-zl3np2bk5w,hay quÃ¡ a,0,2024-03-23T01:16:57Z,kJzUHkDROrg
0,@hacoustic7779,hay quÃ¡ chá»‹ Æ¡i,0,2024-07-06T05:01:34Z,TIcZJRK62YA
1,@quocaogm6420,hÆ°á»›ng dáº«n cá»¥ thá»ƒ hÆ¡n Ä‘uá»c k anh,0,2024-02-06T00:28:09Z,ln2crPuFFy8
0,@antuy.13,Dáº¡ b cÃ³ thá»ƒ tÃ¬m Ä‘iá»‡u Rumba Ä‘á»ƒ táº­p cho bÃ i nÃ y Ä‘Ã³ áº¡,0,2024-03-03T11:29:25Z,ln2crPuFFy8
1,@antuy.13,thiÃªn Ä‘Ã ng wowy tone g káº¹p capo ngÄƒn 1 chÆ¡i g chords g am em d nhá»‹p 44 lyrics wowythiÃªn Ä‘Æ°á»ng dÃ nh cho anh Ã´ng trá»i dáº«n lá»‘iÄ‘i tá»›i trÆ°á»›c cá»•ng trá»i miá»‡ng anh nháº£ khÃ³icon biáº¿t nÆ¡i nÃ y tá»«ng lÃ  khu con sá»‘ngtiÃªn ná»¯ Ä‘Ã¢u háº¿t rá»“i mau Ä‘Æ°a con vÃ o trongÄ‘á»‹a ngá»¥c tráº§n gian con khÃ´ng thá»ƒ á»ŸbÃ³p cá»• satang lÃ m nÃ³ táº¯t thá»Ÿgiáº¿t cháº¿t káº» xáº¥u lÅ© quá»· khÃ´ng tha thá»©há» tá»‘ng con Ä‘i vÃ¬ con lÃ  váº¿t nhÆ¡con Ä‘Ã£ chá»n lÃªn thiÃªn Ä‘Ã ng ngá»“i sofagÃ¡c cÃ¡i chÃ¢n lÃªn cÃ¡i bÃ n coi phim matháº¿ gian há»i wy Ä‘i Ä‘Ã¢u lÃ¢u váº­ythiÃªn Ä‘Ã ng thÆ°á»£ng giá»›i wy Ä‘ang á»Ÿ Ä‘Ã¢ynáº¿u mÃ y muá»‘n lÃªn Ä‘Ã¢y thÃ¬ hÃ£y quyáº¿t Ä‘á»‹nhcÃ¡i xáº¥u cÃ¡i tá»‘t do mÃ¬nh phÃ¢n tÃ­nhcuá»™c Ä‘á»i má»—i ngÆ°á»i mÃ¬nh lÃ  nhÃ¢n váº­t chÃ­nhthá»i gian lÃ  má»™t cuá»™c hÃ nh trÃ¬nhthÆ° jolipoliÄ‘Æ°á»£c tháº¥y thiÃªn Ä‘Ã ng nÆ¡i Ä‘Ã¢y nguy ngangÃ n mÃ¢y mÃ¢y bay tráº¯ng ngÃ tá»« xa thiÃªn tháº§n cáº¥t vÃ i lá»i caiâ€™m living in your love love lovelet all the walls fall downstop waiting just love out loudwowyanh sáº½ cho cáº£ tháº¿ giá»›i tháº¥y Ä‘iá»u anh lÃ m lÃ  Ä‘Æ°á»£cba anh mÃ¡ anh Ä‘Ã£ nÃ³i Ã´ng trá»i Ä‘Ã£ nháº¯n anh trÆ°á»›cbÃªn trÃ¡i bÃªn pháº£i bÃªn Ä‘Ãºng bÃªn sai ngÃ y sinh nháº­t trÃªn taynÃ³ sáº½ nháº¯c Ä‘á»ƒ anh nhá»› ráº±ng anh lÃ  ainÃ¨ Ãª anh lÃ  ngÆ°á»i quyáº¿t Ä‘á»‹nhtrong táº¥t cáº£ cÃ¡c bá»¯a tiá»‡c anh Ä‘á»u lÃ  nhÃ¢n váº­t chÃ­nhkhi anh bÆ°á»›c tá»›i mang luá»“ng giÃ³ má»›imá»i ngÆ°á»i hÃ©t má»i ngÆ°á»i thÃ©t wowy tá»›i chÆ¡ikhÃ´ng cáº§n pháº£i Ä‘á»£i bá»Ÿi anh khÃ´ng cÃ³ timeÄ‘Ã¢y lÃ  thá»i kháº¯c Ã´ng trá»i sáº¯p sá»­a bananh láº¥y háº¿t tháº¿ gian nÃ y lÃ  dÃ nh cho anhgiÃ¢y phÃºt quyáº¿t Ä‘á»‹nh cá»§a anh lÃ  Ä‘Ã¢ywowy anh á»Ÿ Ä‘Ã¢y hay ngoÃ i kiathÆ° jolipoli do em chá»nwowy anh á»Ÿ Ä‘Ã¢y hay ngoÃ i kiathÆ° jolipoli do em chá»nwowy anh á»Ÿ Ä‘Ã¢y hay ngoÃ i kiathÆ° jolipoli Ä‘Ã³ lÃ  do em chá»nwowy cÃ¢u tráº£ lá»i cá»§a em Ä‘Ã³ lÃ thÆ° jolipoli trÃªn thiÃªn Ä‘Ã ngthÆ° jolipoliÄ‘Æ°á»£c tháº¥y thiÃªn Ä‘Ã ng nÆ¡i Ä‘Ã¢y nguy ngangÃ n mÃ¢y mÃ¢y bay tráº¯ng ngÃ tá»« xa thiÃªn tháº§n cáº¥t vÃ i lá»i caiâ€™m living in your love love lovelet all the walls fall downstop waiting just love out loudwowylÃªn thiÃªn Ä‘Ã ng lÃªn thiÃªn Ä‘Ã ng lÃªn thiÃªn Ä‘Ã ng nÃ lÃªn thiÃªn Ä‘Ã ng lÃªn thiÃªn Ä‘Ã ng lÃªn thiÃªn Ä‘Ã ng nÃ lÃªn thiÃªn Ä‘Ã ng lÃªn thiÃªn Ä‘Ã ng lÃªn thiÃªn Ä‘Ã ng nÃ lÃªn thiÃªn Ä‘Ã ng lÃªn thiÃªn Ä‘Ã ng lÃªn thiÃªn Ä‘Ã ng nÃ lÃªn thiÃªn Ä‘Ã ng lÃªn thiÃªn Ä‘Ã ng lÃªn thiÃªn Ä‘Ã ng nÃ lÃªn thiÃªn Ä‘Ã ng lÃªn thiÃªn Ä‘Ã ng lÃªn thiÃªn Ä‘Ã ng nÃ lÃªn thiÃªn Ä‘Ã ng lÃªn thiÃªn Ä‘Ã ng lÃªn thiÃªn Ä‘Ã ng nÃ thÆ° jolipoliÄ‘Æ°á»£c tháº¥y thiÃªn Ä‘Ã ng nÆ¡i Ä‘Ã¢y nguy ngangÃ n mÃ¢y mÃ¢y bay tráº¯ng ngÃ tá»« xa thiÃªn tháº§n cáº¥t vÃ i lá»i caiâ€™m living in your love love lovelet all the walls fall downstop waiting just love out loudÄ‘Æ°á»£c tháº¥y thiÃªn Ä‘Ã ng nÆ¡i Ä‘Ã¢y nguy ngangÃ n mÃ¢y mÃ¢y bay tráº¯ng ngÃ tá»« xa thiÃªn tháº§n cáº¥t vÃ i lá»i caiâ€™m living in your love love lovelet all the walls fall downstop waiting just love out loud,2,2020-10-07T15:35:24Z,a69SDtN0mNE
0,@TungNguyen-jz9ws,A cho em xin Ä‘iá»‡u quáº¡t Ä‘c k áº¡,0,2020-10-16T08:30:08Z,a69SDtN0mNE
0,@lonelyman3854,hayyyğŸ‘,1,2021-02-24T16:13:22Z,a69SDtN0mNE
0,@dungduong6509,hay quÃ¡ a Æ¡i,0,2020-10-23T09:32:13Z,a69SDtN0mNE
0,@phuonganhnguyenngoc9545,lyric thiÃªn Ä‘Ã ng dÃ nh cho anh Ã´ng trá»i dáº«n lá»‘i Ä‘i tá»›i trÆ°á»›c cá»•ng trá»i miá»‡ng anh nháº£ khÃ³i anh biáº¿t nÆ¡i nÃ y tá»«ng lÃ  khu anh sá»‘ng tiÃªn ná»¯ Ä‘Ã¢u háº¿t rá»“i mau Ä‘Æ°a anh vÃ o trong Ä‘á»‹a ngá»¥c tráº§n gian anh khÃ´ng thá»ƒ á»Ÿ tá»« chá»‘i satan lÃ m nÃ³ máº¯c cá»¡khÃ´ng theo káº» xáº¥u lÅ© quá»· khÃ´ng tha thá»© há» tá»‘ng anh Ä‘i vÃ¬ anh lÃ  váº¿t nhÆ¡ anh Ä‘Ã£ chá»n lÃªn thiÃªn Ä‘Ã ng ngá»“i sofa gÃ¡c cÃ¡i chÃ¢n lÃªn cÃ¡i bÃ n coi phim ma tháº¿ gian há»i wy Ä‘i Ä‘Ã¢u lÃ¢u váº­ythiÃªn Ä‘Ã ng thÆ°á»£ng giá»›i wy Ä‘ang á»Ÿ Ä‘Ã¢y náº¿u mÃ  muá»‘n lÃªn Ä‘Ã¢y thÃ¬ hÃ£y quyáº¿t Ä‘á»‹nh cÃ¡i xáº¥u cÃ¡i tá»‘t do mÃ¬nh phÃ¢n tÃ­nh cuá»™c Ä‘á»i má»—i ngÆ°á»i mÃ¬nh lÃ  nhÃ¢n váº­t chÃ­nh thá»i gian lÃ  má»™t cuá»™c hÃ nh trÃ¬nhâ€¦ Ä‘Ã£ tháº¥y thiÃªn Ä‘Ã ng nÆ¡i Ä‘Ã¢y nguy nga ngÃ n mÃ¢y bay bay tráº¯ng ngÃ  tá»« xa thiÃªn tháº§n cáº¥t vÃ i lá»i ca iâ€™m living in your love love love let all the walls fall down stop waiting just love out loud anh sáº½ cho cáº£ tháº¿ giá»›i tháº¥y Ä‘iá»u anh lÃ m lÃ  Ä‘Æ°á»£cba anh mÃ¡ anh Ä‘Ã£ nÃ³i Ã´ng trá»i Ä‘Ã£ nháº¯n anh trÆ°á»›c bÃªn trÃ¡i bÃªn pháº£i bÃªn Ä‘Ãºng bÃªn sai ngÃ y sinh nháº­t trÃªn tay nÃ³ sáº½ nháº¯c Ä‘á»ƒ anh nhá»› ráº±ng anh lÃ  ai ey anh lÃ  ngÆ°á»i quyáº¿t Ä‘á»‹nh trong táº¥t cáº£ cÃ¡c bá»¯a tiá»‡c anh Ä‘á»u lÃ  nhÃ¢n váº­t chÃ­nh khi anh bÆ°á»›c tá»›i Ä‘em luá»“ng giÃ³ má»›i má»i ngÆ°á»i hÃ©t má»i ngÆ°á»i thÃ©t wowy tá»›i chÆ¡i khÃ´ng cáº§n pháº£i Ä‘á»£i bá»Ÿi anh khÃ´ng cÃ³ thá»i gianÄ‘Ã¢y lÃ  thá»i kháº¯c Ã´ng trá»i sáº¯p sá»­a ban nÃ anh láº¥y háº¿t tháº¿ gian nÃ y lÃ  giÃ nh cho anh giÃ¢y phÃºt quyáº¿t Ä‘á»‹nh cá»§a anh lÃ  Ä‘Ã¢yanh á»Ÿ Ä‘Ã¢y hay ngoÃ i kia do em chá»n anh á»Ÿ Ä‘Ã¢y hay ngoÃ i kia do em chá»n anh á»Ÿ Ä‘Ã¢y hay ngoÃ i kia Ä‘Ã³ lÃ  do em chá»n cÃ¢u tráº£ lá»i cá»§a em Ä‘Ã³ lÃ  trÃªn thiÃªn Ä‘Ã ng Ä‘Æ°á»£c tháº¥y thiÃªn Ä‘Ã ng nÆ¡i Ä‘Ã¢y nguy nga ngÃ n mÃ¢y mÃ¢y bay tráº¯ng ngÃ tá»« xa thiÃªn tháº§n cáº¥t vÃ i lá»i ca iâ€™m living in your love love love let all the walls fall down stop waiting just love out loud wowy lÃªn thiÃªn Ä‘Ã ng lÃªn thiÃªn Ä‘Ã ng lÃªn thiÃªn Ä‘Ã ng nÃ  lÃªn thiÃªn Ä‘Ã ng lÃªn thiÃªn Ä‘Ã ng lÃªn thiÃªn Ä‘Ã ng nÃ  lÃªn thiÃªn Ä‘Ã ng lÃªn thiÃªn Ä‘Ã ng lÃªn thiÃªn Ä‘Ã ng nÃ  lÃªn thiÃªn Ä‘Ã ng lÃªn thiÃªn Ä‘Ã ng lÃªn thiÃªn Ä‘Ã ng nÃ  lÃªn thiÃªn Ä‘Ã ng lÃªn thiÃªn Ä‘Ã ng lÃªn thiÃªn Ä‘Ã ng nÃ  lÃªn thiÃªn Ä‘Ã ng lÃªn thiÃªn Ä‘Ã ng lÃªn thiÃªn Ä‘Ã ng nÃ  lÃªn thiÃªn Ä‘Ã ng lÃªn thiÃªn Ä‘Ã ng lÃªn thiÃªn Ä‘Ã ng nÃ ,0,2020-11-05T14:06:06Z,a69SDtN0mNE
0,@ucanhle9376,tá»« video cá»§a anh chÄƒn bÃ² qua Ä‘Ã¢y,0,2020-10-19T15:48:41Z,a69SDtN0mNE
0,@minhphan2805,quÃ¡ nhanh quÃ¡ nguy hiá»ƒm,1,2020-10-07T13:23:27Z,a69SDtN0mNE
0,@KhoaNguyen-cy1ze,hay quÃ¡ anh lÃ m video hÆ°á»›ng dáº«n Ä‘á»‡m hÃ¡t Ä‘i anh,1,2020-10-11T12:38:56Z,a69SDtN0mNE
0,@truyenmahuutuan,nhanh thiá»‡t d,0,2020-10-08T11:18:22Z,a69SDtN0mNE
0,@phuhuu8415,anh quáº¡t Ä‘iá»‡u gÃ¬ váº­y cho em xin,0,2023-11-28T14:02:46Z,a69SDtN0mNE
0,@lavienguyen21,cho mÃ¬nh há»i cÃ¡ch quáº¡t cháº£ nhÆ° tháº¿ nÃ o váº­y áº¡,0,2020-10-15T14:50:16Z,a69SDtN0mNE
0,@antuy.13,fb httpswwwfacebookcomprofilephpid100005968653032fanpage httpswwwfacebookcomtagmusic611677158984948,0,2020-10-07T15:35:56Z,a69SDtN0mNE
0,@HaiHoang-on3xj,Ä‘oáº¡n Ä‘áº§u chÆ¡i sao váº­y áº¡,0,2020-10-13T13:48:51Z,a69SDtN0mNE
0,@vudang8799,hÆ°á»›ng dáº«n cÃ¡ch Ä‘Ã¡nh Ä‘i anh,0,2021-07-28T10:35:43Z,a69SDtN0mNE
0,@tinhnhamnhi5304,lÃ m video hd intro Ä‘i b,0,2021-05-13T14:47:35Z,a69SDtN0mNE
0,@mocucvo3212,anh cho xin cÃ¡ch quáº¡t Ä‘i áº¡,0,2020-11-07T02:47:08Z,a69SDtN0mNE
0,@1412-Kid,xin nhá»‹p Ä‘Ã¡nh,0,2020-11-21T05:04:01Z,a69SDtN0mNE
0,@tungmai1862,cÃ³ ai cho tui xin cÃ¡ch quáº¡t ni vs áº¡,0,2020-11-22T22:29:29Z,a69SDtN0mNE
0,@mocucvo3212,anh cho xin dáº¡o Ä‘Ã¹ vá»›i áº¡,0,2020-11-12T03:08:59Z,a69SDtN0mNE
1,@totuankietpham4718,cho em xin tab intro Ä‘i áº¡,0,2020-12-23T11:57:49Z,a69SDtN0mNE
0,@utngovlog54,Intro nÃ y tui ngáº¯n nhÆ°ng hay vÃ  dá»… cho cÃ¡c bn má»›i táº­p chÆ¡i ná»¯a,0,2021-02-22T14:11:56Z,a69SDtN0mNE
0,@xuanmanh173,lyric thiÃªn Ä‘Ã ng dÃ nh cho anh Ã´ng trá»i dáº«n lá»‘i Ä‘i tá»›i trÆ°á»›c cá»•ng trá»i miá»‡ng anh nháº£ khÃ³ianh biáº¿t nÆ¡i nÃ y tá»«ng lÃ  khu anh sá»‘ng tiÃªn ná»¯ Ä‘Ã¢u háº¿t rá»“i mau Ä‘Æ°a anh vÃ o trongÄ‘á»‹a ngá»¥c tráº§n gian anh khÃ´ng thá»ƒ á»Ÿ tá»« chá»‘i satan lÃ m nÃ³ máº¯c cá»¡khÃ´ng theo káº» xáº¥u lÅ© quá»· khÃ´ng tha thá»© há» tá»‘ng anh Ä‘i vÃ¬ anh lÃ  váº¿t nhÆ¡ anh Ä‘Ã£ chá»n lÃªn thiÃªn Ä‘Ã ng ngá»“i sofa gÃ¡c cÃ¡i chÃ¢n lÃªn cÃ¡i bÃ n coi phim ma tháº¿ gian há»i wy Ä‘i Ä‘Ã¢u lÃ¢u váº­y thiÃªn Ä‘Ã ng thÆ°á»£ng giá»›i wy Ä‘ang á»Ÿ Ä‘Ã¢y náº¿u mÃ  muá»‘n lÃªn Ä‘Ã¢y thÃ¬ hÃ£y quyáº¿t Ä‘á»‹nh cÃ¡i xáº¥u cÃ¡i tá»‘t do mÃ¬nh phÃ¢n tÃ­nh cuá»™c Ä‘á»i má»—i ngÆ°á»i mÃ¬nh lÃ  nhÃ¢n váº­t chÃ­nh thá»i gian lÃ  má»™t cuá»™c hÃ nh trÃ¬nhâ€¦ Ä‘Ã£ tháº¥y thiÃªn Ä‘Ã ng nÆ¡i Ä‘Ã¢y nguy nga ngÃ n mÃ¢y bay bay tráº¯ng ngÃ  tá»« xa thiÃªn tháº§n cáº¥t vÃ i lá»i ca iâ€™m living in your love love love let all the walls fall down stop waiting just love out loud anh sáº½ cho cáº£ tháº¿ giá»›i tháº¥y Ä‘iá»u anh lÃ m lÃ  Ä‘Æ°á»£c ba anh mÃ¡ anh Ä‘Ã£ nÃ³i Ã´ng trá»i Ä‘Ã£ nháº¯n anh trÆ°á»›c bÃªn trÃ¡i bÃªn pháº£i bÃªn Ä‘Ãºng bÃªn sai ngÃ y sinh nháº­t trÃªn tay nháº¯c anh nhá»› ráº±ng anh lÃ  ai ey anh lÃ  ngÆ°á»i quyáº¿t Ä‘á»‹nh trong táº¥t cáº£ cÃ¡c bá»¯a tiá»‡c anh Ä‘á»u lÃ  nhÃ¢n váº­t chÃ­nh khi anh bÆ°á»›c tá»›i mang luá»“ng giÃ³ má»›i má»i ngÆ°á»i hÃ©t má»i ngÆ°á»i thÃ©t wowy tá»›i chÆ¡i khÃ´ng cáº§n pháº£i Ä‘á»£i anh khÃ´ng cÃ³ thá»i gian Ä‘Ã¢y lÃ  thá»i kháº¯c Ã´ng trá»i sáº¯p sá»­a ban anh láº¥y háº¿t tháº¿ gian nÃ y lÃ  giÃ nh cho anh giÃ¢y phÃºt quyáº¿t Ä‘á»‹nh cá»§a anh lÃ  Ä‘Ã¢y anh á»Ÿ Ä‘Ã¢y hay ngoÃ i kia do em chá»n anh á»Ÿ Ä‘Ã¢y hay ngoÃ i kia do em chá»n anh á»Ÿ Ä‘Ã¢y hay ngoÃ i kia Ä‘Ã³ lÃ  do em chá»n cÃ¢u tráº£ lá»i cá»§a em Ä‘Ã³ lÃ  trÃªn thiÃªn Ä‘Ã ng Ä‘Æ°á»£c tháº¥y thiÃªn Ä‘Ã ng nÆ¡i Ä‘Ã¢y nguy ngangÃ n mÃ¢y mÃ¢y bay tráº¯ng ngÃ  tá»« xa thiÃªn tháº§n cáº¥t vÃ i lá»i ca iâ€™m living in your love love love let all the walls fall down stop waiting just love out loud wowy lÃªn thiÃªn Ä‘Ã ng lÃªn thiÃªn Ä‘Ã ng lÃªn thiÃªn Ä‘Ã ng nÃ  lÃªn thiÃªn Ä‘Ã ng lÃªn thiÃªn Ä‘Ã ng lÃªn thiÃªn Ä‘Ã ng nÃ  lÃªn thiÃªn Ä‘Ã ng lÃªn thiÃªn Ä‘Ã ng lÃªn thiÃªn Ä‘Ã ng nÃ  lÃªn thiÃªn Ä‘Ã ng lÃªn thiÃªn Ä‘Ã ng lÃªn thiÃªn Ä‘Ã ng nÃ  lÃªn thiÃªn Ä‘Ã ng lÃªn thiÃªn Ä‘Ã ng lÃªn thiÃªn Ä‘Ã ng nÃ  lÃªn thiÃªn Ä‘Ã ng lÃªn thiÃªn Ä‘Ã ng lÃªn thiÃªn Ä‘Ã ng nÃ  lÃªn thiÃªn Ä‘Ã ng lÃªn thiÃªn Ä‘Ã ng lÃªn thiÃªn Ä‘Ã ng nÃ ,0,2020-11-04T09:29:21Z,a69SDtN0mNE
0,@RickHardcore,very well played again my friend love your guitar soundğŸ¸,0,2024-01-05T12:26:15Z,PH7cWNlZZHI
0,@user-om1qy8xy7c,em xinh dep,0,2024-02-03T05:41:48Z,PH7cWNlZZHI
0,@lonqnguyen9243,hÆ°á»›ng dáº«n bÃ i nÃ y Ä‘i áº¡ mÃª láº¯m râ¤,0,2024-01-22T15:25:26Z,PH7cWNlZZHI
1,@hoangban7500,hay quÃ¡ anh Æ¡i ğŸ‰,0,2024-01-06T15:42:22Z,PH7cWNlZZHI
0,@antuy.13,Cáº£m Æ¡n báº¡n ğŸ˜†,1,2024-01-14T17:23:10Z,PH7cWNlZZHI
0,@kakas5905,hÆ°á»›ng dáº«n bÃ i nay Ä‘i a,0,2024-01-20T08:29:25Z,PH7cWNlZZHI
1,@XNguyenHuuNhatAnh,cho mÃ¬nh xin há»£p Ã¢m vs áº¡,0,2024-01-14T08:35:34Z,PH7cWNlZZHI
0,@antuy.13,MÃ¬nh sáº½ post lÃªn pháº§n mÃ´ táº£ áº¡ â˜ºï¸,0,2024-01-14T17:24:13Z,PH7cWNlZZHI
1,@sowly3303,xin cÃ¡ch quáº¡t vs a,0,2024-01-19T06:08:52Z,PH7cWNlZZHI
0,@antuy.13,"MÃ¬nh feel theo bÃ i hÃ¡t ngáº«u há»©ng thÃ´i áº¡, b tua cháº­m Ä‘á»ƒ nghe ká»¹ nhÃ©",0,2024-01-19T10:51:01Z,PH7cWNlZZHI
2,@minhhao5031,hay láº¯m anh áº¡ anh Æ¡i náº¿u cÃ³ thá»i gian anh lÃ m thÃªm bÃ i tÃ² te tÃ­ cá»§a wren evans ná»¯a Ä‘Æ°á»£c khÃ´ng áº¡ em cáº£m Æ¡n anh áº¡,0,2024-01-07T09:41:12Z,PH7cWNlZZHI
0,@antuy.13,Follow mÃ¬nh sáº½ tranh thá»§ quay áº¡ ğŸ˜Š,0,2024-01-14T17:23:35Z,PH7cWNlZZHI
0,@minhhao5031,Dáº¡ vÃ¢ng em Ä‘Ã£ theo dÃµi kÃªnh áº¡ @@antuy.13  Em cáº£m Æ¡n anh áº¡,0,2024-01-14T17:27:15Z,PH7cWNlZZHI
0,@BahrudinMakagaring-g2p,keren kak petikan gitarnya,0,2024-04-19T15:44:56Z,jHvcp2obFNc
0,@trungthanhnguyen6745,báº¡n hÆ°á»›ng dáº«n bÃ i suit and tie cá»§a mck dc ko ğŸ¥¹ğŸ™,0,2024-04-10T06:53:22Z,jHvcp2obFNc
0,@antuy.13,fb httpswwwfacebookcomprofilephpid100005968653032fanpage httpswwwfacebookcomtagmusic611677158984948,5,2020-11-13T14:22:29Z,pX15gduHJJo
0,@nhahocdan,lÃªn lÃªn 3 so nice,1,2020-11-14T14:11:31Z,pX15gduHJJo
0,@PhuNguyen-gv7zo,anh bÃ y cÃ¡ch Ä‘Ã¡nh chi tiáº¿t Ä‘i anh nghiá»‡n quÃ¡,1,2020-11-21T07:15:23Z,pX15gduHJJo
0,@esogu9872,lÃ m bÃ i hÆ°á»›ng dáº«n Ä‘i anh,0,2020-11-18T13:45:04Z,pX15gduHJJo
0,@antuy.13,á»§ng há»™ mck httpsyoutubeiifwna3umiehá»£p Ã¢m cm7 f7 bbmaj7 gsus4g7,0,2020-11-13T14:21:03Z,pX15gduHJJo
0,@TienNguyen-hc2jr,xin há»£p Ã¢m vá»›i cáº­u Æ¡i,1,2020-11-14T10:16:02Z,pX15gduHJJo
0,@minhnguyen2960,lÃ m hÆ°á»›ng dáº«n khÃ¡c nhiá»u view,0,2021-01-10T03:17:29Z,pX15gduHJJo
0,@lostinmists,e xin tÃªn Ä‘Ã n dc k áº¡,0,2022-06-12T08:30:46Z,pX15gduHJJo
0,@1412-Kid,lÃ m hÆ°á»›ng dáº«n Ä‘i pro,0,2020-11-19T06:54:36Z,pX15gduHJJo
3,@thienminhh3365,há»£p Ã¢m lÃ  am7d7gm7e7,1,2020-11-18T11:47:52Z,pX15gduHJJo
0,@antuy.13,Gmaj7 áº¡,0,2020-11-18T15:22:04Z,pX15gduHJJo
0,@thienminhh3365,@@antuy.13 Ã  dáº¡ e cÃ¡m Æ¡n,0,2020-11-21T13:12:53Z,pX15gduHJJo
0,@ducmanh577,Ä‘Ã¡nh nhÆ° nÃ o áº¡,0,2021-01-04T12:20:39Z,pX15gduHJJo
0,@kakas5905,hÆ°á»›ng dáº«n Ä‘oáº¡n mÃºa lá»­a nhÆ° anh Ä‘i hay quÃ¡ anh Æ¡i,0,2024-03-18T11:59:28Z,_rrJRs3dAWQ
0,@ApCommunityRock,heyo nice video very cool keep it up my friend d,0,2024-03-16T00:24:33Z,_rrJRs3dAWQ
0,@angeptraibooiqua4495,ban nu vua xinh vua hat hayban nam vua dep trai vua dan oke,0,2024-06-25T15:33:28Z,ctfQU7DKhWE
1,@MinhVuNgoc-sr4hc,anh review cÃ¢y Ä‘Ã n nÃ y Ä‘Æ°á»£c khÃ´ng áº¡ cáº£m Æ¡n anh,0,2024-06-10T14:34:38Z,hq02z6VnFm8
0,@antuy.13,B ib zl 09874 09748,0,2024-06-10T14:44:10Z,hq02z6VnFm8
